EdLevel,PreviousSalary
Master,71438.69116013331
NoHigherEd,55546.74203993524
Other,62891.03679793415
PhD,86150.60889570552
Undergraduate,67220.99192556548
