Gender,PreviousSalary
Man,67784.38611406821
NonBinary,73690.18453683442
Woman,64770.23678226265
